nTipoA,nTipoB,nTipoC,nClientes,nPacotes,taxaMedia
8,11,10,98,206,84.034485
5,4,3,21,44,61.083332
10,2,4,49,98,76.625
