nTipoA,nTipoB,nTipoC,nClientes,nPacotes,taxaMedia
8,11,10,98,206,84.034485
5,4,3,21,44,61.083332
10,2,4,49,98,76.625
5,7,4,34,69,68.9375
2,7,3,97,201,87.166664
7,9,8,73,145,74.0
5,7,5,38,74,69.0
4,5,2,38,75,67.0
